Code,N_snp,Beta(95%CI),P(Bonferroni),P-star,LONGNAME,Chapter_name
N14_CYSTITIS,693,0.486 [0.463-0.51],1.000e-315,***,Cystitis,Genitourinary
N14_URINOTH,1485,0.302 [0.279-0.32],4.999e-145,***,Other diseases of urinary system,Genitourinary
E4_HYPERLIPMIX,365,0.249 [0.216-0.28],8.672e-43,***,Mixed hyperlipidaemia,Endocrine and metabolic
F5_DEMINOTH,8,0.224 [0.211-0.24],1.919e-227,***,Dementia in other diseases classified elsewhere,Mental and behavioural
G6_DEGENOTH,14,0.205 [0.188-0.22],4.133e-128,***,Other and unspecified degenerative diseases of nervous system,Nervous
K11_OTHDISDIG,25,0.190 [0.166-0.21],1.397e-49,***,Other diseases of the digestive system,Digestive
MEMLOSS,48,0.180 [0.150-0.21],8.504e-27,***,Memory loss,Mental and behavioural
KRA_PSY_ANYMENTAL,2504,0.172 [0.159-0.18],5.054e-144,***,Any mental disorder,Mental and behavioural
AB1_BACT_INTEST_OTH,357,0.145 [0.138-0.15],1.000e-315,***,Other bacterial intestinal infections,Infectious and parasitic
N14_MALEGEN,1376,0.137 [0.129-0.14],7.642e-238,***,Diseases of male genital organs,Genitourinary
VD_U,43,0.127 [0.111-0.14],1.021e-44,***,Vascular dementia (undefined),Mental and behavioural
F5_MENTORG,85,0.114 [0.078-0.15],2.142e-04,***,Other mental disorders due to brain damage and dysfunction and to physical disease,Mental and behavioural
F5_DELIRIUM,173,0.113 [0.095-0.13],4.182e-30,***,"Delirium, not induced by alcohol and other psychoactive substances",Mental and behavioural
C_DIFFICILE_ENTEROCOLITIS,2693,0.109 [0.106-0.11],1.000e-315,***,Enterocolitis due to Clostridium difficile,Infectious and parasitic
K11_FISTULA,485,0.098 [0.093-0.10],1.000e-315,***,Colonic or urogenital fistula,Digestive
F5_VASCDEM,107,0.089 [0.064-0.11],1.250e-06,***,Vascular dementia,Mental and behavioural
E4_METABOLIA,4834,0.086 [0.065-0.11],1.307e-10,***,Metabolic disorders,Endocrine and metabolic
M13_SOFTTISSUEOTH,600,0.085 [0.063-0.11],5.636e-08,***,"Other soft tissue disorders, not elsewhere classified",Musculoskeletal
E4_HYPERLIPNAS,1251,0.083 [0.056-0.11],4.242e-04,***,"Hyperlipidaemia, other/unspecified",Endocrine and metabolic
I9_POSTAMI,149,0.082 [0.062-0.10],2.028e-10,***,Status post-ami,Circulatory
E4_LIPOPROT,7076,0.081 [0.066-0.10],1.370e-21,***,Disorders of lipoprotein metabolism and other lipidaemias,Endocrine and metabolic
J10_PLEURA,140,0.077 [0.064-0.09],4.539e-27,***,Other diseases of pleura,Respiratory
N14_PROSTHYPERPLA,3796,0.075 [0.071-0.08],1.000e-315,***,Hyperplasia of prostate,Genitourinary
F5_ANXIETY,71,0.073 [0.054-0.09],2.486e-09,***,Other anxiety disorders,Mental and behavioural
H7_CHALAZION,671,0.071 [0.067-0.08],1.661e-236,***,Chalazion,Eye and adnexa
N14_CHRONEPHROPATH,18,0.070 [0.059-0.08],4.126e-32,***,Chronic nephritic syndrome,Genitourinary
M13_ENTESOPATHYOTH,48,0.070 [0.051-0.09],4.503e-08,***,Other enthesopathies,Musculoskeletal
F5_DEPRESSIO,2165,0.065 [0.059-0.07],1.379e-92,***,Depression,Mental and behavioural
M13_HAMMERTOE,331,0.064 [0.050-0.08],2.551e-13,***,Other hammer toe(s) (acquired),Musculoskeletal
N14_FEMALEINFERT,80,0.061 [0.046-0.08],1.274e-10,***,Female infertility,Genitourinary
CD2_BENIGN_MELANOCYTIC_TRUNK,183,0.060 [0.054-0.07],4.648e-101,***,Melanocytic naevi of trunk,Neoplasms
NEURODEGOTH,4178,0.059 [0.055-0.06],3.559e-223,***,Other degenerative diseases of the nervous system,Nervous
J10_SEPTDEV,498,0.059 [0.047-0.07],2.387e-19,***,Deviated nasal septum,Respiratory
N14_MENSIRREG,59,0.055 [0.039-0.07],8.171e-06,***,Irregular menses,Genitourinary
H7_PARASTRAB,7,0.055 [0.035-0.07],0.008,**,Paralytic strabismus,Eye and adnexa
AUD,259,0.053 [0.040-0.07],7.844e-10,***,"Alcohol use disorder, ICD-based",Mental and behavioural
K11_INTESTOTH,398,0.053 [0.040-0.07],8.458e-10,***,Other diseases of intestines,Digestive
M13_HALLUXVALGUS,3980,0.052 [0.048-0.06],8.598e-121,***,Hallux valgus (acquired),Musculoskeletal
N14_OVARYCYST,987,0.046 [0.041-0.05],1.643e-75,***,Ovarian cyst,Genitourinary
N14_MENORRHAGIA,718,0.045 [0.036-0.05],8.335e-19,***,Menorrhagia,Genitourinary
CD2_BENIGN_MELANOCYTIC,521,0.044 [0.034-0.05],1.195e-12,***,Melanocytic naevi,Neoplasms
M13_MYALGIA,253,0.044 [0.036-0.05],2.785e-19,***,Myalgia,Musculoskeletal
I9_HEARTFAIL,682,0.044 [0.035-0.05],2.579e-16,***,"Heart failure, strict",Circulatory
AD_AM,451,0.043 [0.035-0.05],8.438e-21,***,Alzheimer disease (Atypical or mixed),Nervous
N14_FEMALEGENNONINF,279,0.042 [0.027-0.06],0.017,*,Noninflammatory disorders of female genital tract,Genitourinary
CD2_BENIGN_OVARY,144,0.038 [0.032-0.05],1.573e-23,***,Benign neoplasm of ovary,Neoplasms
J10_PNEUMOTHORAX,46,0.038 [0.029-0.05],2.211e-10,***,Pneumothorax,Respiratory
J10_PLEURPLAGUE,310,0.038 [0.035-0.04],3.733e-146,***,Pleural plaque,Respiratory
COPD_EARLY,512,0.038 [0.035-0.04],6.760e-152,***,Early onset COPD,Respiratory
CD2_BENIGN_THYROID,151,0.036 [0.033-0.04],4.005e-146,***,Benign neoplasm of thyroid gland,Neoplasms
N14_ORHCEPINDIDYMITIS,99,0.035 [0.025-0.05],4.143e-06,***,Orchitis and epididymitis,Genitourinary
K11_GASTRODUOULC,227,0.035 [0.028-0.04],1.134e-14,***,Gastroduodenal ulcer,Digestive
L12_ROSACEANAS,82,0.034 [0.026-0.04],1.209e-13,***,Other and unspecified rosacea,Skin
K11_DISORD_TEETH,111,0.033 [0.021-0.04],0.003,**,Other disorders of teeth and supporting structures,Digestive
KRA_PSY_DEMENTIA,2863,0.032 [0.029-0.04],5.548e-69,***,Any dementia,Mental and behavioural
K11_HERNIA,6152,0.031 [0.028-0.03],5.574e-61,***,Hernia,Digestive
J10_EMPHYSEMA,365,0.031 [0.029-0.03],1.681e-121,***,Emphysema,Respiratory
F5_DEMENTIA,3309,0.031 [0.028-0.03],3.121e-74,***,Dementia,Mental and behavioural
G6_NEURODEGENERATIVE,4070,0.031 [0.028-0.03],5.973e-86,***,Unspecific neurodegenerative disorder,Nervous
C3_BRONCHUS_LUNG,574,0.029 [0.026-0.03],1.258e-78,***,Malignant neoplasm of bronchus and lung,Neoplasms
C3_KIDNEY_NOTRENALPELVIS,210,0.029 [0.024-0.03],2.991e-25,***,"Malignant neoplasm of kidney, except renal pelvis",Neoplasms
H7_PTOSIS,64,0.028 [0.020-0.04],2.617e-06,***,Ptosis of eyelid,Eye and adnexa
C3_LUNG_NONSMALL,527,0.027 [0.025-0.03],1.272e-85,***,Non-small cell lung cancer,Neoplasms
CD2_FOLLICULAR_LYMPHOMA,5808,0.027 [0.026-0.03],1.000e-315,***,"Follicular lymphoma, hilmo",Neoplasms
F5_ALZHDEMENT,2076,0.027 [0.023-0.03],1.914e-58,***,Dementia in Alzheimer disease,Mental and behavioural
N14_BENIGNMAMDYSP,134,0.025 [0.018-0.03],1.263e-08,***,Benign mammary dysplasia,Genitourinary
I9_VASCINT,15,0.025 [0.017-0.03],1.461e-04,***,Vascular diseases of the intestine,Circulatory
CD2_BENIGN_LEIOMYOMA_UTERI,9080,0.025 [0.023-0.03],7.629e-129,***,Leiomyoma of uterus,Neoplasms
N14_ENDOMETRIOSIS_UTERUS,193,0.024 [0.019-0.03],3.579e-13,***,Adenomyosis (Endometriosis of uterus),Genitourinary
G6_ALZHEIMER,2982,0.024 [0.021-0.03],7.613e-58,***,Alzheimer disease,Nervous
CD2_LYMPHOID_LEUKAEMIA,767,0.024 [0.022-0.03],2.442e-180,***,Lymphoid leukaemia,Neoplasms
I9_CORATHER,8695,0.023 [0.015-0.03],0.004,**,Coronary atherosclerosis,Circulatory
N14_CALCUKIDUR,1321,0.022 [0.018-0.03],3.824e-20,***,Calculus of kidney and ureter,Genitourinary
O15_LABOUR_MALPOS,202,0.022 [0.014-0.03],0.011,*,Obstructed labour due to malposition and malpresentation of fetus,Pregnancy
H8_NONSUPPNAS,1145,0.022 [0.017-0.03],2.258e-16,***,Nonsuppurative otitis media,Ear and mastoid
M13_CALCIFICTEND,177,0.020 [0.017-0.02],4.876e-32,***,Calcific tendinitis of shoulder,Musculoskeletal
C3_ANUS_ANALCANAL,76,0.020 [0.017-0.02],4.371e-37,***,Malignant neoplasm of anus and anal canal,Neoplasms
I9_OTHARR,798,0.019 [0.013-0.03],0.001,**,Other arrhythmias,Circulatory
E4_HYPERPIT,147,0.019 [0.015-0.02],3.983e-13,***,Hyperfunction of pituitary gland,Endocrine and metabolic
I9_AORTANEUR,1277,0.019 [0.016-0.02],8.370e-39,***,Aortic aneurysm,Circulatory
O15_GESTAT_HYPERT,476,0.019 [0.012-0.03],0.021,*,Gestational [pregnancy-induced] hypertension,Pregnancy
N14_PHIMOSIS,4306,0.018 [0.016-0.02],5.247e-59,***,"Redundant prepuce, phimosis and paraphimosis",Genitourinary
K11_VENTHER,1063,0.017 [0.011-0.02],0.025,*,Ventral hernia,Digestive
N14_BREAST,659,0.017 [0.011-0.02],0.002,**,Disorders of breast,Genitourinary
C3_THYROID_GLAND,1117,0.016 [0.014-0.02],8.258e-67,***,Malignant neoplasm of thyroid gland,Neoplasms
K11_DULC,287,0.015 [0.011-0.02],1.024e-06,***,Duodenal ulcer,Digestive
G6_OTHDEMYEL,3560,0.015 [0.014-0.02],1.115e-99,***,Other demyelinating diseases of the central nervous system,Nervous
J10_CHRONTONSADEN,5828,0.015 [0.011-0.02],7.984e-12,***,Chronic diseases of tonsils and adenoids,Respiratory
K11_DIVERTIC,4845,0.014 [0.011-0.02],6.134e-10,***,Diverticular disease of intestine,Digestive
K11_HERING,7337,0.014 [0.012-0.02],1.416e-30,***,Inguinal hernia,Digestive
M13_POLYARTHRITIS,1672,0.014 [0.012-0.02],2.427e-24,***,"Polyarthritis, unspecified",Musculoskeletal
H7_BLINDMONOCULAR,75,0.014 [0.011-0.02],2.532e-15,***,"Blindness, monocular",Eye and adnexa
C3_CLL_WIDE,431,0.014 [0.012-0.02],1.086e-67,***,"Chronic lymphocytic leukaemia and small lyphocytis leukaemia, including Hilmo",Neoplasms
CD2_BENIGN_MENINGES,587,0.013 [0.010-0.02],8.321e-11,***,Benign neoplasm of meninges,Neoplasms
K11_UMBHER,2034,0.012 [0.008-0.02],2.346e-04,***,Umbilical hernia,Digestive
I9_THAORTANEUR,1182,0.012 [0.010-0.01],1.383e-25,***,Thoracic aortic aneurysm,Circulatory
H7_OPTNERVE,2671,0.012 [0.008-0.02],0.002,**,Disorders of optic nerve and visual pathways,Eye and adnexa
N14_OTHNONINFUTER,645,0.011 [0.008-0.01],2.914e-05,***,"Other noninflammatory disorders of uterus, except cervix",Genitourinary
M13_GOUT,3183,0.011 [0.007-0.01],8.328e-06,***,Gout,Musculoskeletal
ULCERRECT,2148,0.010 [0.008-0.01],3.451e-13,***,Ulcerative rectosigmoiditis,Digestive
M13_SYSTSLCE,1075,0.010 [0.008-0.01],2.263e-10,***,Systemic sclerosis,Musculoskeletal
H8_TINNITUS,193,0.009 [0.006-0.01],0.045,*,Tinnitus,Ear and mastoid
E4_MINERAL_MET,806,0.009 [0.007-0.01],6.469e-34,***,Disorders of mineral metabolism,Endocrine and metabolic
C3_OTHER_SKIN,9911,0.009 [0.006-0.01],5.141e-05,***,Other malignant neoplasms of skin (=non-melanoma skin cancer),Neoplasms
GOUT_IDIO,1453,0.008 [0.006-0.01],3.620e-22,***,Idiopathic gout,Musculoskeletal
N14_ENDOMETRIOSIS,3268,0.008 [0.005-0.01],0.013,*,Endometriosis,Genitourinary
H7_HEREDRETINADYST,308,0.007 [0.005-0.01],7.450e-09,***,Hereditary retinal dystrophy,Eye and adnexa
C3_BASAL_CELL_CARCINOMA,10907,0.006 [0.004-0.01],0.049,*,Basal cell carcinoma,Neoplasms
G6_RLS,898,0.006 [0.004-0.01],0.001,**,Restless leg syndrome,Nervous
MUCOPROCT,4157,0.006 [0.004-0.01],0.032,*,Mucosal proctocolitis,Digestive
H7_ENTROPION,903,0.004 [0.003-0.01],0.019,*,Entropion and trichiasis of eyelid,Eye and adnexa
E4_LACTONAS,2420,0.004 [0.004-0.00],2.932e-60,***,"Lactose intolerance, other/unspecified",Endocrine and metabolic
E4_IRON_MET,3833,0.003 [0.003-0.00],3.543e-77,***,Disorders of iron metabolism,Endocrine and metabolic
D3_COAGDEFNAS,3629,-0.002 [-0.002--0.00],1.554e-04,***,Other and unspecified coagulation defects,Blood and immune
E4_GILBERT,452,-0.002 [-0.002--0.00],1.427e-15,***,Gilbert syndrome,Endocrine and metabolic
M13_ANKYLOSPON,29005,-0.002 [-0.003--0.00],6.097e-40,***,Ankylosing spondylitis,Musculoskeletal
D3_COAGOTHER,2572,-0.003 [-0.003--0.00],9.391e-07,***,Other coagulation defects,Blood and immune
H7_IRIDOCYCLITIS,22983,-0.003 [-0.004--0.00],1.129e-10,***,Iridocyclitis,Eye and adnexa
E4_PORBILIR,370,-0.003 [-0.003--0.00],7.625e-17,***,Disorders of porphyrin and bilirubin metabolism,Endocrine and metabolic
G6_MS,12132,-0.004 [-0.004--0.00],2.443e-11,***,MS-disease / Multiple Sclerosis,Nervous
RHEUMA_OTHER_WIDE,12512,-0.004 [-0.006--0.00],2.750e-05,***,"Other (seronegative) rheumatoid arthritis, wide",Musculoskeletal
SPONDYLOARTHRITIS,25038,-0.005 [-0.005--0.00],1.976e-71,***,Spondyloarthritis,Musculoskeletal
L12_PSORI_NAS,8866,-0.005 [-0.006--0.00],2.682e-26,***,Other and unspecified psoriasis,Skin
M13_SPONDYLINFLAMNAS,14599,-0.005 [-0.006--0.00],9.012e-90,***,Other specified/unspecified inflammatory spondylopathies,Musculoskeletal
DRY_AMD,4885,-0.006 [-0.007--0.00],1.019e-18,***,Dry age-related macular degeneration (includes geographic atrophy),Eye and adnexa
RHEUMA_SERONEG,8327,-0.007 [-0.009--0.01],7.527e-10,***,Seronegative rheumatoid arthritis,Musculoskeletal
M13_PSORIARTH,11111,-0.007 [-0.008--0.01],5.013e-50,***,Psoriatic arthropathies,Musculoskeletal
N14_GLOMEINOTH,5455,-0.007 [-0.009--0.01],9.094e-15,***,Glomerular disorders in diseases classified elsewhere,Genitourinary
M13_GIANTCELL,1909,-0.008 [-0.010--0.01],1.420e-10,***,Giant cell arteritis,Musculoskeletal
L12_PSORI_VULG,15019,-0.008 [-0.009--0.01],3.875e-68,***,Psoriasis vulgaris,Skin
POLYCYTVERA,839,-0.009 [-0.009--0.01],3.203e-212,***,Polycythaemia vera,Neoplasms
N14_HYPERTROPHYBREAST,1659,-0.009 [-0.012--0.01],0.032,*,Hypertrophy of breast,Genitourinary
I9_THROMBOTH,852,-0.009 [-0.011--0.01],6.273e-06,***,Other embolism and thrombosis,Circulatory
L12_PSORIASIS,18203,-0.009 [-0.010--0.01],1.969e-68,***,Psoriasis,Skin
I9_AF,9822,-0.009 [-0.011--0.01],4.305e-17,***,Atrial fibrillation and flutter,Circulatory
K11_COELIAC,42112,-0.010 [-0.010--0.01],1.000e-315,***,Coeliac disease,Digestive
E4_GOITRENAS,1714,-0.010 [-0.011--0.01],5.372e-40,***,Other and/or unspecified nontoxic goitre,Endocrine and metabolic
H7_GLAUCOMA,6452,-0.010 [-0.012--0.01],1.324e-08,***,Glaucoma,Eye and adnexa
K11_ENERCOLNONINF,4471,-0.010 [-0.014--0.01],0.014,*,Noninfective enteritis and colitis,Digestive
CHRONOTH,1965,-0.010 [-0.012--0.01],8.995e-21,***,Other Crohn's disease,Digestive
H7_SCLERACORNEA,15425,-0.010 [-0.012--0.01],1.596e-26,***,"Disorders of sclera, cornea, iris and ciliary body",Eye and adnexa
L12_CORNSANDCALLOS,491,-0.011 [-0.014--0.01],1.266e-05,***,Corns and callosities,Skin
I9_VARICVE,10263,-0.011 [-0.013--0.01],1.466e-14,***,Varicose veins,Circulatory
E4_GOITREMULTINOD,6288,-0.011 [-0.013--0.01],7.489e-19,***,Nontoxic multinodular goitre,Endocrine and metabolic
I9_PHLETHROM,1191,-0.011 [-0.014--0.01],1.117e-13,***,Phlebitis and thrombophlebitis (not including DVT),Circulatory
E4_PCOS,354,-0.012 [-0.014--0.01],4.154e-17,***,Polycystic ovarian syndrome,Endocrine and metabolic
J10_NASALPOLYP,7370,-0.012 [-0.014--0.01],6.807e-44,***,Nasal polyp,Respiratory
CHRONMYELOPRO,471,-0.013 [-0.014--0.01],2.291e-242,***,Chronic myeloproliferative disease,Neoplasms
M13_POLYARTHROPATHIES,18752,-0.013 [-0.015--0.01],1.866e-36,***,Polyarthropathies,Musculoskeletal
I9_AVBLOCK,403,-0.013 [-0.017--0.01],0.006,**,AV-block,Circulatory
M13_VARUS,203,-0.013 [-0.014--0.01],9.903e-92,***,"Varus deformity, not elsewhere classified",Musculoskeletal
THROMBOCYTAEMIA,729,-0.013 [-0.014--0.01],1.422e-133,***,Essential (haemorrhagic) thrombocythaemia,Neoplasms
H7_DIVERGSTRAB,291,-0.013 [-0.016--0.01],6.395e-16,***,Divergent concomitant strabismus,Eye and adnexa
CD2_HODGKIN_LYMPHOMA,268,-0.014 [-0.018--0.01],1.113e-10,***,"Hodgkin lymphoma, hilmo",Neoplasms
N14_FEMALE_GENITAL_DYSPLASIA_NOS,28,-0.015 [-0.020--0.01],0.021,*,"Dysplastic lesion of unknown severity in the cervix uteri, vagina or vulva",Genitourinary
M13_CRYSTALARTH,168,-0.015 [-0.017--0.01],1.002e-29,***,Other crystal arthropathies,Musculoskeletal
K11_CHOLELITH,10661,-0.016 [-0.019--0.01],6.479e-15,***,Cholelithiasis,Digestive
AUTOHEP,2902,-0.016 [-0.017--0.02],1.000e-315,***,Autoimmune hepatitis,Digestive
D3_THROMBOCYTOPENIANAS,73,-0.016 [-0.022--0.01],0.036,*,"Thrombocytopenia, unspecified",Blood and immune
I9_CONDUCTIO,268,-0.017 [-0.023--0.01],0.006,**,Conduction disorders,Circulatory
K11_APPENDACUT,1379,-0.017 [-0.022--0.01],1.257e-05,***,Acute appendicitis,Digestive
H8_EXTERNAL,828,-0.017 [-0.022--0.01],9.985e-06,***,Diseases of external ear,Ear and mastoid
DM_NEOVASCULAR_GLAUCOMA,434,-0.018 [-0.021--0.01],4.754e-19,***,Neovascular glaucoma,Eye and adnexa
G6_TRINEU,93,-0.018 [-0.024--0.01],8.563e-05,***,Trigeminal neuralgia,Nervous
G6_HYDROCEPH,204,-0.019 [-0.023--0.01],1.183e-14,***,Hydrocephalus,Nervous
I9_PULMEMB,1247,-0.019 [-0.023--0.02],1.183e-17,***,Pulmonary embolism,Circulatory
PRIM_KNEEARTHROSIS,1523,-0.019 [-0.026--0.01],0.007,**,"Primary gonarthrosis, bilateral",Musculoskeletal
L12_SEBORRKERAT,374,-0.020 [-0.025--0.01],6.305e-08,***,Seborrhoeic keratosis,Skin
CHRONSMALL,2604,-0.020 [-0.022--0.02],2.089e-48,***,Crohn's disease of small intestine,Digestive
M13_TENDOSYNOVITISNAS,236,-0.020 [-0.026--0.01],1.770e-05,***,Other/unspecified synovitis and tenosynovitis,Musculoskeletal
L12_LUPUS,5381,-0.020 [-0.021--0.02],1.000e-315,***,Cutaneous lupus erythematosus,Skin
E4_GLUCOPANCREAS,8980,-0.020 [-0.021--0.02],1.390e-292,***,Other disorders of glucose regulation and pancreatic internal secretion,Endocrine and metabolic
H7_RETINALBREAK,282,-0.020 [-0.024--0.02],2.899e-25,***,Retinal breaks without detachment,Eye and adnexa
E4_GOITRENOD,331,-0.020 [-0.023--0.02],6.862e-33,***,Nontoxic single thyroid nodule,Endocrine and metabolic
C3_CERVIX_UTERI,81,-0.021 [-0.025--0.02],9.124e-21,***,Malignant neoplasm of cervix uteri,Neoplasms
E4_OBESITYNAS,1620,-0.021 [-0.026--0.02],3.241e-13,***,"Obesity, other/unspecified",Endocrine and metabolic
L12_ULCERLOWLIMB,2421,-0.022 [-0.024--0.02],2.840e-42,***,"Ulcer of lower limb, not elsewhere classified",Skin
I9_PHLETHROMBDVTLOW,3262,-0.022 [-0.024--0.02],2.375e-84,***,DVT of lower extremities,Circulatory
IPF,3405,-0.022 [-0.023--0.02],1.000e-315,***,Idiopathic pulmonary fibrosis,Respiratory
DM_NEUROPATHY,5299,-0.022 [-0.024--0.02],4.976e-124,***,Diabetic neuropathy,Endocrine and metabolic
K11_MALABSORB,6958,-0.022 [-0.023--0.02],1.000e-315,***,Intestinal malabsorption,Digestive
H8_PERFORATION,143,-0.023 [-0.029--0.02],1.508e-06,***,Perforation of tympanic membrane,Ear and mastoid
E4_OVARDYS,222,-0.023 [-0.026--0.02],3.364e-29,***,Ovarian dysfunction,Endocrine and metabolic
E4_OBESITY,3239,-0.023 [-0.027--0.02],2.427e-18,***,Obesity,Endocrine and metabolic
J10_UPPERDIS,4085,-0.023 [-0.030--0.02],8.914e-04,***,Other diseases of upper respiratory tract,Respiratory
O15_DELIV_PERIN_LACER,75,-0.023 [-0.031--0.02],2.446e-04,***,Perineal laceration during delivery,Pregnancy
J10_CHRONSINUSITIS,3550,-0.025 [-0.029--0.02],6.476e-23,***,Chronic sinusitis,Respiratory
E4_THYTOXGOITDIF,19055,-0.025 [-0.026--0.02],1.000e-315,***,Thyrotoxicosis with diffuse goitre,Endocrine and metabolic
N14_CERVICAL_LSIL,1187,-0.025 [-0.031--0.02],8.831e-12,***,LSIL lesion of the cervix uteri,Genitourinary
I9_VTE,4387,-0.025 [-0.029--0.02],2.604e-48,***,Venous thromboembolism,Circulatory
K11_CHRONPANC,105,-0.025 [-0.031--0.02],9.820e-12,***,Chronic pancreatitis,Digestive
L12_BULLOUS,10568,-0.025 [-0.026--0.02],1.000e-315,***,Bullous disorders,Skin
CHIRHEP_NAS,355,-0.027 [-0.035--0.02],7.600e-07,***,"Cirrhosis of liver, NAS",Digestive
G6_BELLPA,48,-0.028 [-0.037--0.02],0.002,**,Bell's palsy,Nervous
C3_HEPATOCELLU_CARC,441,-0.028 [-0.034--0.02],9.509e-17,***,Hepatocellular carcinoma,Neoplasms
I9_HYPTENS,25622,-0.028 [-0.032--0.02],5.611e-43,***,Hypertension,Circulatory
D3_ITP,120,-0.028 [-0.034--0.02],4.731e-14,***,Idiopathic thrombocytopenic purpura,Blood and immune
DM_NEPHROPATHY,7402,-0.028 [-0.030--0.03],5.767e-258,***,Diabetic nephropathy,Genitourinary
M13_SJOGREN,13564,-0.028 [-0.029--0.03],1.000e-315,***,Sicca syndrome [Sj√∂gren],Musculoskeletal
H7_ORBIT,4635,-0.030 [-0.030--0.03],1.000e-315,***,Disorders of orbit,Eye and adnexa
H8_HL_SEN_NAS,5357,-0.031 [-0.036--0.03],3.924e-22,***,Sensorineural hearing loss,Ear and mastoid
D3_SARCOIDOSIS,15089,-0.031 [-0.032--0.03],1.000e-315,***,Sarcoidosis,Blood and immune
I9_VARICVEOES,203,-0.032 [-0.041--0.02],1.686e-05,***,Oesophageal varices,Circulatory
K11_OTHDIG,23141,-0.032 [-0.032--0.03],1.000e-315,***,Diseases of the digestive system,Digestive
I9_ARTOTH,187,-0.032 [-0.037--0.03],3.942e-25,***,Other diseases of arteries and capillaries,Circulatory
K11_PERITONITIS,161,-0.032 [-0.037--0.03],7.185e-29,***,Acute peritonitis,Digestive
M13_MYOSITIS,988,-0.033 [-0.035--0.03],4.541e-165,***,Myositis,Musculoskeletal
CD2_INSITU_CERVIX_UTERI,1636,-0.033 [-0.037--0.03],1.299e-47,***,Carcinoma in situ of cervix uteri,Neoplasms
PHLEBI_THROMBOP_LOWER_EXTREMITI_UNSPE,25,-0.033 [-0.037--0.03],3.172e-50,***,"Phlebitis and thrombophlebitis of lower extremities, unspecified, drug-induced",Ear and mastoid
I9_SAH,322,-0.033 [-0.036--0.03],2.291e-96,***,Subarachnoid haemorrhage,Circulatory
M13_CONNECTNAS,4565,-0.033 [-0.035--0.03],1.000e-315,***,Other specified/unspecified systemic involvement of connective tissue,Musculoskeletal
G6_PARKINSON,2693,-0.034 [-0.035--0.03],1.000e-315,***,Parkinson's disease,Nervous
K11_ACUTPANC,242,-0.034 [-0.041--0.03],1.529e-18,***,Acute pancreatitis,Digestive
M13_MCTD,5075,-0.035 [-0.036--0.03],1.000e-315,***,Mixed connective tissue disease,Musculoskeletal
M13_TRIGGERFINGER,2255,-0.035 [-0.038--0.03],4.721e-97,***,Trigger finger,Musculoskeletal
N14_MESNRUIRREG,1549,-0.035 [-0.045--0.02],2.166e-06,***,"Excessive, frequent and irregular menstruation",Genitourinary
M13_ARTHROSIS_POLY,390,-0.035 [-0.043--0.03],7.962e-13,***,Polyarthrosis,Musculoskeletal
AB1_VIRAL_WARTS,3425,-0.035 [-0.038--0.03],4.624e-166,***,Viral warts,Infectious and parasitic
F5_CANNABIS,7,-0.037 [-0.050--0.02],0.007,**,Mental and behavioural disorders due to cannabinoids,Mental and behavioural
D3_OTHERBLOOD,429,-0.037 [-0.039--0.03],2.343e-251,***,Other diseases of blood and blood-forming organs,Blood and immune
N14_NEPHROTICSYND,824,-0.038 [-0.041--0.03],7.896e-110,***,Nephrotic syndrome,Genitourinary
M13_ADHCAPSULITIS,1742,-0.038 [-0.042--0.03],3.079e-54,***,Adhesive capsulitis of shoulder,Musculoskeletal
O15_HAEMORRH_EARLY_PREG,148,-0.038 [-0.047--0.03],3.362e-10,***,Haemorrhage in early pregnancy,Pregnancy
H7_KERATITIS,1243,-0.038 [-0.043--0.03],2.288e-54,***,Keratitis,Eye and adnexa
I9_HYPTENSESS,17748,-0.039 [-0.044--0.03],5.673e-58,***,"Hypertension, essential",Circulatory
E4_THYROIDITAUTOIM,932,-0.039 [-0.042--0.04],2.572e-164,***,Autoimmune thyroiditis,Endocrine and metabolic
E4_ADDISON,668,-0.040 [-0.044--0.04],7.045e-108,***,Adrenocortical insufficiency,Endocrine and metabolic
M13_SPONDYLOPATHY,12014,-0.041 [-0.044--0.04],4.656e-223,***,Spondylopathies,Musculoskeletal
ALLERG_RHINITIS,746,-0.042 [-0.051--0.03],4.164e-13,***,Allergic rhinitis,Respiratory
M13_PYOGARTH,525,-0.043 [-0.048--0.04],1.372e-79,***,Pyogenic arthritis,Musculoskeletal
G6_CARPTU,3264,-0.044 [-0.049--0.04],5.034e-72,***,Carpal tunnel syndrome,Nervous
N14_URETHRAOTH,610,-0.044 [-0.052--0.04],2.363e-21,***,Other disorders of urethra and urinary system,Genitourinary
E4_ENDOMETPOSTOP,4212,-0.044 [-0.046--0.04],1.000e-315,***,"Postprocedural endocrine and metabolic disorders, not elsewhere classified",Endocrine and metabolic
N14_CERVICAL_HSIL,5964,-0.045 [-0.048--0.04],5.201e-227,***,HSIL lesion of the cervix uteri,Genitourinary
K11_PANCOTH,29,-0.046 [-0.057--0.03],4.279e-09,***,Other diseases of pancreas,Digestive
H7_CHOROIDRETINA,12847,-0.047 [-0.049--0.04],1.054e-276,***,Disorders of choroid and retina,Eye and adnexa
N14_FEMALE_GENITAL_HSIL,6550,-0.048 [-0.051--0.05],2.021e-295,***,"HSIL lesion of the cervix uteri, vagina or vulva",Genitourinary
POLLENALLERG,487,-0.048 [-0.058--0.04],5.275e-16,***,Pollen allergy,Respiratory
M13_ARTHROSIS_KNEE,5080,-0.049 [-0.054--0.04],8.881e-66,***,Gonarthrosis,Musculoskeletal
AB1_SEXUAL_TRANSMISSION_NOS,10411,-0.049 [-0.051--0.05],1.000e-315,***,"Other predominantly sexually transmitted diseases, not elsewhere classified",Infectious and parasitic
M13_OSTEOPOROSIS,372,-0.051 [-0.060--0.04],2.097e-22,***,Osteoporosis,Musculoskeletal
RESP_ILL_DIS_CLASS_ELSEWHERE,55,-0.052 [-0.056--0.05],7.775e-96,***,Respiratory disorders in diseases classified elsewhere,Respiratory
N14_FEMALE_GENITAL_LSIL,2422,-0.052 [-0.056--0.05],3.307e-137,***,"LSIL lesion of the cervix uteri, vagina or vulva",Genitourinary
I9_OTHPER,110,-0.052 [-0.063--0.04],6.640e-16,***,Other peripheral vascular diseases,Circulatory
J10_PERITONSABSC,1910,-0.052 [-0.059--0.05],4.937e-49,***,Peritonsillar abscess,Respiratory
D3_ANAEMIA_B12_DEF,5007,-0.053 [-0.055--0.05],1.232e-278,***,Vitamin B12 deficiency anaemia,Blood and immune
L12_GRANULOMATOUSSKIN,404,-0.053 [-0.054--0.05],1.000e-315,***,Granulomatous disorders of skin and subcutaneous tissue,Skin
M13_MENISCUSDERANGEMENTS,937,-0.054 [-0.063--0.04],1.516e-25,***,Meniscus derangement,Musculoskeletal
M13_SCIATICA,658,-0.055 [-0.064--0.05],1.365e-28,***,Sciatica+with lumbago,Musculoskeletal
M13_CERVICALGIA,179,-0.056 [-0.064--0.05],7.483e-33,***,Cervicalgia,Musculoskeletal
I9_ATHSCLE,3616,-0.056 [-0.061--0.05],6.580e-94,***,"Atherosclerosis, excluding cerebral and coronary sclerosis",Circulatory
K11_CHOLANGI,1455,-0.056 [-0.058--0.05],1.000e-315,***,"Cholangitis (primary sclerosing, PSC)",Digestive
I9_SEQULAE,126,-0.056 [-0.069--0.04],3.210e-11,***,Sequelae of cerebrovascular disease,Circulatory
K11_CHOLECYST,114,-0.057 [-0.068--0.05],1.094e-19,***,Cholecystitis,Digestive
G6_POLYOTHUNS,107,-0.057 [-0.078--0.04],0.043,*,"Other and unspecified polyneuropathies, also in other diseases",Nervous
H7_OTHIRISCILIARY,14,-0.058 [-0.074--0.04],3.934e-08,***,Other disorders of iris and ciliary body,Eye and adnexa
N14_CERVICAL_DYSPLASIA_ALL,5631,-0.059 [-0.062--0.06],3.333e-249,***,All dysplastic lesions of the cervix uteri,Genitourinary
CD2_BENIGN_EAR_RESP,224,-0.059 [-0.068--0.05],8.389e-37,***,Benign neoplasm of middle ear and respiratory system,Neoplasms
H8_MIDDLEMASTOID,2761,-0.061 [-0.067--0.05],5.360e-73,***,Diseases of middle ear and mastoid,Ear and mastoid
CD2_BENIGN_PAROTID,171,-0.062 [-0.067--0.06],2.583e-97,***,Benign neoplasm: Parotid gland,Neoplasms
N14_CHRONKIDNEYDIS,1777,-0.063 [-0.069--0.06],1.533e-82,***,Chronic kidney disease,Genitourinary
N14_FEMALE_GENITAL_DYSPLASIA_ALL,7063,-0.064 [-0.067--0.06],1.000e-315,***,"All dysplastic lesions of the cervix uteri, vagina or vulva",Genitourinary
E4_THYROID,25555,-0.065 [-0.067--0.06],1.000e-315,***,Disorders of the thyroid gland,Endocrine and metabolic
E4_OBESITYXTRMALV,103,-0.065 [-0.073--0.06],8.813e-53,***,Extreme obesity with alveolar hypoventilation,Endocrine and metabolic
C3_CANCER_WIDE,3273,-0.066 [-0.075--0.06],1.611e-36,***,"Malignant neoplasm, wide definition for exclusion",Neoplasms
H7_KERATITISOTH,43,-0.066 [-0.086--0.05],6.056e-05,***,Other keratitis,Eye and adnexa
M13_INTERVERTEB,3685,-0.070 [-0.077--0.06],2.625e-88,***,Other intervertebral disc disorders,Musculoskeletal
M13_LIMBPAIN,197,-0.072 [-0.096--0.05],8.741e-04,***,Pain in limb,Musculoskeletal
AB1_INTESTINAL_INFECTIONS,954,-0.074 [-0.096--0.05],1.595e-05,***,Intestinal infectious diseases,Infectious and parasitic
AB1_SEXUAL_TRANSMISSION,7171,-0.076 [-0.078--0.07],1.000e-315,***,Infections with a predominantly sexual mode of transmission,Infectious and parasitic
AB1_OTHER_BACTERIAL,478,-0.077 [-0.099--0.05],7.440e-06,***,Other bacterial diseases,Infectious and parasitic
K11_OTHINFLIV,466,-0.078 [-0.080--0.08],1.000e-315,***,Other inflammatory liver diseases,Digestive
H8_BPV,30,-0.081 [-0.110--0.05],0.014,*,Benign paroxysmal vertigo,Ear and mastoid
H7_CATARACTOTHER,4338,-0.081 [-0.085--0.08],1.000e-315,***,Other cataract,Eye and adnexa
CD2_BENIGN_PITUITARY_CRANIPHAR,90,-0.082 [-0.091--0.07],3.098e-80,***,"Benign neoplasm: Pituitary gland, craniopharyngeal duct",Neoplasms
H7_OCUPAIN,174,-0.083 [-0.088--0.08],3.727e-203,***,Ocular pain,Eye and adnexa
CD2_BENIGN_COLON_NOS,212,-0.083 [-0.105--0.06],4.694e-08,***,"Benign neoplasm: Colon, unspecified",Neoplasms
H7_CONJUNCTIVITISACUNONATOPIC,214,-0.084 [-0.099--0.07],6.803e-25,***,"Conjunctivitis (acute, non atopic)",Eye and adnexa
M13_ARTHROSIS,4684,-0.085 [-0.092--0.08],1.129e-96,***,Arthrosis,Musculoskeletal
NAFLD,505,-0.087 [-0.102--0.07],1.716e-24,***,Nonalcoholic fatty liver disease,Digestive
ALLERG_ASTHMA,7322,-0.092 [-0.095--0.09],1.000e-315,***,Allergic asthma (mode),Respiratory
O15_MATERN_CARE_OTHER,240,-0.092 [-0.101--0.08],6.277e-92,***,Maternal care for other known or suspected fetal problems,Pregnancy
L12_DERMATITISECZEMA,8563,-0.096 [-0.103--0.09],6.683e-189,***,Dermatitis and eczema,Skin
M13_SPONDYLOSIS,854,-0.098 [-0.113--0.08],1.921e-32,***,Spondylosis,Musculoskeletal
M13_ARTHROPATHIES,7062,-0.099 [-0.107--0.09],2.124e-124,***,Arthropathies,Musculoskeletal
H7_CATARACTSENILE,4936,-0.099 [-0.104--0.09],2.216e-249,***,Senile cataract,Eye and adnexa
M13_DORSOPATHY,8797,-0.100 [-0.105--0.09],3.724e-272,***,Dorsopathies,Musculoskeletal
H7_VITRBODYGLOBE,276,-0.101 [-0.112--0.09],1.258e-74,***,Disorders of vitreous body,Eye and adnexa
K11_OTHENTERCOL,751,-0.101 [-0.110--0.09],9.017e-103,***,Other noninfective gastroenteritis and colitis,Digestive
D3_AGRANULOCYTOSIS,347,-0.102 [-0.107--0.10],1.000e-315,***,Agranulocytosis,Blood and immune
C3_BILIARY_GALLBLADDER,192,-0.105 [-0.121--0.09],3.312e-35,***,"Malignant neoplasm of intrahepatic ducts, biliary tract and gallbladder",Neoplasms
J10_LOWCHRON,14991,-0.107 [-0.111--0.10],1.000e-315,***,Chronic lower respiratory diseases,Respiratory
K11_DISLIVOTH,287,-0.108 [-0.126--0.09],1.533e-26,***,Other diseases of liver,Digestive
M13_ARTHROSIS_OTH,570,-0.110 [-0.132--0.09],1.488e-18,***,Other arthrosis,Musculoskeletal
L12_URTICA_NAS,213,-0.112 [-0.130--0.09],2.333e-28,***,Other and unspecified urticaria,Skin
K11_LIVER,812,-0.114 [-0.127--0.10],4.105e-62,***,Diseases of liver,Digestive
H7_EYEOTH,57,-0.120 [-0.132--0.11],6.374e-70,***,Other disorders of eye and adnexa,Eye and adnexa
O15_MATERN_CARE_PELVIC_ABNORM,86,-0.120 [-0.133--0.11],2.639e-68,***,Maternal care for known or suspected abnormality of pelvic organs,Pregnancy
G6_NERPLEX,2804,-0.121 [-0.130--0.11],8.354e-169,***,"Nerve, nerve root and plexus disorders",Nervous
L12_OTHERCONTACT,39,-0.124 [-0.155--0.09],3.980e-09,***,Other contact dermatitis,Skin
M13_SPINSTENOSIS,4505,-0.124 [-0.130--0.12],1.000e-315,***,Spinal stenosis,Musculoskeletal
AB1_VIRAL_SKIN_MUCOUS_MEMBRANE,1622,-0.125 [-0.135--0.11],3.806e-121,***,Viral infections characterized by skin and mucous membrane lesions,Infectious and parasitic
M13_THORACISPINEPAIN,151,-0.126 [-0.134--0.12],4.431e-189,***,Pain in thoracic spine,Musculoskeletal
G6_OTHNEU,31,-0.126 [-0.159--0.09],1.801e-08,***,Other neurological diseases,Nervous
L12_OTHERSKINSUBCUTIS,3364,-0.128 [-0.135--0.12],5.335e-250,***,Other disorders of skin and subcutaneous tissue,Skin
AB1_GASTROENTERITIS_NOS,923,-0.128 [-0.146--0.11],2.742e-36,***,Diarrhoea and gastroenteritis of presumed infectious origin,Infectious and parasitic
M13_OTHERJOINT,3314,-0.128 [-0.138--0.12],1.515e-138,***,Other joint disorders,Musculoskeletal
G6_MIGRAINE_WITH_AURA,143,-0.131 [-0.140--0.12],5.148e-161,***,Migraine with aura,Nervous
M13_OSTEOCHONDRO,166,-0.136 [-0.159--0.11],1.808e-26,***,Osteopathies and chondropathies,Musculoskeletal
K11_FUNCDYSP,169,-0.136 [-0.145--0.13],1.310e-221,***,Functional dyspepsia,Digestive
ASTHMA_NAS,3913,-0.138 [-0.144--0.13],1.000e-315,***,"Asthma, unspecified (mode)",Respiratory
M13_DORSOPATHYOTH,5393,-0.145 [-0.152--0.14],8.531e-289,***,"Other dorsopathies, not elsewhere classified",Musculoskeletal
M13_MUSCLE,168,-0.145 [-0.150--0.14],1.000e-315,***,Disorders of muscles,Musculoskeletal
O15_DELIV_CAESAR,82,-0.151 [-0.165--0.14],5.274e-89,***,Single delivery by caesarean section,Pregnancy
N14_EROSECTROPUT,31,-0.152 [-0.166--0.14],3.332e-104,***,Erosion and ectropion of cervix uteri,Genitourinary
O15_PRETERM,17,-0.162 [-0.186--0.14],6.826e-32,***,Preterm labour and delivery,Pregnancy
JOINTPAIN,1595,-0.163 [-0.176--0.15],3.612e-110,***,Pain in joint,Musculoskeletal
M13_DORSALGIANAS,1009,-0.166 [-0.176--0.16],1.652e-238,***,Other/unspecified dorsalgia,Musculoskeletal
K11_BILIAOTH,6,-0.167 [-0.194--0.14],2.503e-27,***,Other diseases of biliary tract,Digestive
M13_SOFTTISSUE,1904,-0.198 [-0.212--0.19],6.749e-180,***,Soft tissue disorders,Musculoskeletal
M13_LOWBACKPAIN,1988,-0.250 [-0.262--0.24],1.000e-315,***,Low back pain,Musculoskeletal
L12_DERMATITISNAS,2477,-0.268 [-0.278--0.26],1.000e-315,***,Dermatitis,Skin
N14_RENALTUB,449,-0.317 [-0.331--0.30],1.000e-315,***,Renal tubulo-interstitial diseases,Genitourinary
K11_CHRONGASTR,210,-0.390 [-0.404--0.38],1.000e-315,***,Chronic gastritis,Digestive
